WRIST_x_0,WRIST_y_0,WRIST_z_0,THUMB_CMC_x_0,THUMB_CMC_y_0,THUMB_CMC_z_0,THUMB_MCP_x_0,THUMB_MCP_y_0,THUMB_MCP_z_0,THUMB_IP_x_0,THUMB_IP_y_0,THUMB_IP_z_0,THUMB_TIP_x_0,THUMB_TIP_y_0,THUMB_TIP_z_0,INDEX_FINGER_MCP_x_0,INDEX_FINGER_MCP_y_0,INDEX_FINGER_MCP_z_0,INDEX_FINGER_PIP_x_0,INDEX_FINGER_PIP_y_0,INDEX_FINGER_PIP_z_0,INDEX_FINGER_DIP_x_0,INDEX_FINGER_DIP_y_0,INDEX_FINGER_DIP_z_0,INDEX_FINGER_TIP_x_0,INDEX_FINGER_TIP_y_0,INDEX_FINGER_TIP_z_0,MIDDLE_FINGER_MCP_x_0,MIDDLE_FINGER_MCP_y_0,MIDDLE_FINGER_MCP_z_0,MIDDLE_FINGER_PIP_x_0,MIDDLE_FINGER_PIP_y_0,MIDDLE_FINGER_PIP_z_0,MIDDLE_FINGER_DIP_x_0,MIDDLE_FINGER_DIP_y_0,MIDDLE_FINGER_DIP_z_0,MIDDLE_FINGER_TIP_x_0,MIDDLE_FINGER_TIP_y_0,MIDDLE_FINGER_TIP_z_0,RING_FINGER_MCP_x_0,RING_FINGER_MCP_y_0,RING_FINGER_MCP_z_0,RING_FINGER_PIP_x_0,RING_FINGER_PIP_y_0,RING_FINGER_PIP_z_0,RING_FINGER_DIP_x_0,RING_FINGER_DIP_y_0,RING_FINGER_DIP_z_0,RING_FINGER_TIP_x_0,RING_FINGER_TIP_y_0,RING_FINGER_TIP_z_0,PINKY_MCP_x_0,PINKY_MCP_y_0,PINKY_MCP_z_0,PINKY_PIP_x_0,PINKY_PIP_y_0,PINKY_PIP_z_0,PINKY_DIP_x_0,PINKY_DIP_y_0,PINKY_DIP_z_0,PINKY_TIP_x_0,PINKY_TIP_y_0,PINKY_TIP_z_0
0.5085195899009705,0.7906827926635742,-0.00040624183020554483,0.5440760850906372,0.681068480014801,-0.1673767864704132,0.5457764267921448,0.5708890557289124,-0.3171488046646118,0.5036936402320862,0.5005804300308228,-0.4398411810398102,0.44781383872032166,0.4924599826335907,-0.534741997718811,0.4901711940765381,0.5215731859207153,-0.28152868151664734,0.5098299384117126,0.45197561383247375,-0.4407631456851959,0.5657853484153748,0.4809882640838623,-0.504453718662262,0.5959171056747437,0.4860357344150543,-0.5069023370742798,0.44201239943504333,0.5817614197731018,-0.2594677805900574,0.40885627269744873,0.49495959281921387,-0.4200257956981659,0.4790540039539337,0.5800126791000366,-0.39841389656066895,0.49833250045776367,0.6171639561653137,-0.3481486737728119,0.4035041332244873,0.6315480470657349,-0.2559957802295685,0.35851067304611206,0.5334510803222656,-0.4209837317466736,0.43840670585632324,0.6013480424880981,-0.3671635389328003,0.46354812383651733,0.627103328704834,-0.2980806827545166,0.3708953857421875,0.6762882471084595,-0.2650493383407593,0.35400956869125366,0.5521250367164612,-0.3674437701702118,0.4284200668334961,0.5287489891052246,-0.36611491441726685,0.46723347902297974,0.48929378390312195,-0.34680575132369995
