WRIST_x_0,WRIST_y_0,WRIST_z_0,THUMB_CMC_x_0,THUMB_CMC_y_0,THUMB_CMC_z_0,THUMB_MCP_x_0,THUMB_MCP_y_0,THUMB_MCP_z_0,THUMB_IP_x_0,THUMB_IP_y_0,THUMB_IP_z_0,THUMB_TIP_x_0,THUMB_TIP_y_0,THUMB_TIP_z_0,INDEX_FINGER_MCP_x_0,INDEX_FINGER_MCP_y_0,INDEX_FINGER_MCP_z_0,INDEX_FINGER_PIP_x_0,INDEX_FINGER_PIP_y_0,INDEX_FINGER_PIP_z_0,INDEX_FINGER_DIP_x_0,INDEX_FINGER_DIP_y_0,INDEX_FINGER_DIP_z_0,INDEX_FINGER_TIP_x_0,INDEX_FINGER_TIP_y_0,INDEX_FINGER_TIP_z_0,MIDDLE_FINGER_MCP_x_0,MIDDLE_FINGER_MCP_y_0,MIDDLE_FINGER_MCP_z_0,MIDDLE_FINGER_PIP_x_0,MIDDLE_FINGER_PIP_y_0,MIDDLE_FINGER_PIP_z_0,MIDDLE_FINGER_DIP_x_0,MIDDLE_FINGER_DIP_y_0,MIDDLE_FINGER_DIP_z_0,MIDDLE_FINGER_TIP_x_0,MIDDLE_FINGER_TIP_y_0,MIDDLE_FINGER_TIP_z_0,RING_FINGER_MCP_x_0,RING_FINGER_MCP_y_0,RING_FINGER_MCP_z_0,RING_FINGER_PIP_x_0,RING_FINGER_PIP_y_0,RING_FINGER_PIP_z_0,RING_FINGER_DIP_x_0,RING_FINGER_DIP_y_0,RING_FINGER_DIP_z_0,RING_FINGER_TIP_x_0,RING_FINGER_TIP_y_0,RING_FINGER_TIP_z_0,PINKY_MCP_x_0,PINKY_MCP_y_0,PINKY_MCP_z_0,PINKY_PIP_x_0,PINKY_PIP_y_0,PINKY_PIP_z_0,PINKY_DIP_x_0,PINKY_DIP_y_0,PINKY_DIP_z_0,PINKY_TIP_x_0,PINKY_TIP_y_0,PINKY_TIP_z_0
0.096943199634552,0.5453820824623108,-0.00015464377065654844,0.26020100712776184,0.5671827793121338,-0.04332095384597778,0.3853136897087097,0.5586820244789124,-0.12335077673196793,0.47697484493255615,0.5356044173240662,-0.22632412612438202,0.5518512725830078,0.49966198205947876,-0.3226720690727234,0.4957180619239807,0.3670167922973633,-0.053855061531066895,0.6329230070114136,0.3105933666229248,-0.1758354902267456,0.7181937098503113,0.3300226628780365,-0.26571083068847656,0.7682791948318481,0.36468636989593506,-0.3215774595737457,0.4451759457588196,0.3206806182861328,-0.1157059445977211,0.6035860776901245,0.2486233413219452,-0.25264403223991394,0.7010936737060547,0.2948364317417145,-0.34504926204681396,0.7658026218414307,0.35340991616249084,-0.4009299576282501,0.37693721055984497,0.3022924065589905,-0.19185762107372284,0.5028741359710693,0.286366730928421,-0.3440893590450287,0.5053711533546448,0.3890714943408966,-0.40091440081596375,0.48071420192718506,0.4736195206642151,-0.4033685624599457,0.2961233854293823,0.3066638708114624,-0.27344682812690735,0.4194851219654083,0.2884700894355774,-0.397014319896698,0.45094630122184753,0.36491090059280396,-0.43616610765457153,0.44758886098861694,0.43674930930137634,-0.4421026408672333
