WRIST_x_0,WRIST_y_0,WRIST_z_0,THUMB_CMC_x_0,THUMB_CMC_y_0,THUMB_CMC_z_0,THUMB_MCP_x_0,THUMB_MCP_y_0,THUMB_MCP_z_0,THUMB_IP_x_0,THUMB_IP_y_0,THUMB_IP_z_0,THUMB_TIP_x_0,THUMB_TIP_y_0,THUMB_TIP_z_0,INDEX_FINGER_MCP_x_0,INDEX_FINGER_MCP_y_0,INDEX_FINGER_MCP_z_0,INDEX_FINGER_PIP_x_0,INDEX_FINGER_PIP_y_0,INDEX_FINGER_PIP_z_0,INDEX_FINGER_DIP_x_0,INDEX_FINGER_DIP_y_0,INDEX_FINGER_DIP_z_0,INDEX_FINGER_TIP_x_0,INDEX_FINGER_TIP_y_0,INDEX_FINGER_TIP_z_0,MIDDLE_FINGER_MCP_x_0,MIDDLE_FINGER_MCP_y_0,MIDDLE_FINGER_MCP_z_0,MIDDLE_FINGER_PIP_x_0,MIDDLE_FINGER_PIP_y_0,MIDDLE_FINGER_PIP_z_0,MIDDLE_FINGER_DIP_x_0,MIDDLE_FINGER_DIP_y_0,MIDDLE_FINGER_DIP_z_0,MIDDLE_FINGER_TIP_x_0,MIDDLE_FINGER_TIP_y_0,MIDDLE_FINGER_TIP_z_0,RING_FINGER_MCP_x_0,RING_FINGER_MCP_y_0,RING_FINGER_MCP_z_0,RING_FINGER_PIP_x_0,RING_FINGER_PIP_y_0,RING_FINGER_PIP_z_0,RING_FINGER_DIP_x_0,RING_FINGER_DIP_y_0,RING_FINGER_DIP_z_0,RING_FINGER_TIP_x_0,RING_FINGER_TIP_y_0,RING_FINGER_TIP_z_0,PINKY_MCP_x_0,PINKY_MCP_y_0,PINKY_MCP_z_0,PINKY_PIP_x_0,PINKY_PIP_y_0,PINKY_PIP_z_0,PINKY_DIP_x_0,PINKY_DIP_y_0,PINKY_DIP_z_0,PINKY_TIP_x_0,PINKY_TIP_y_0,PINKY_TIP_z_0
0.6636050939559937,0.7485036849975586,-7.031915447441861e-05,0.5129523873329163,0.7911026477813721,0.019697269424796104,0.3745061457157135,0.7605025768280029,0.017310624942183495,0.25142836570739746,0.7498181462287903,-0.01866348274052143,0.15125206112861633,0.7370656728744507,-0.06224570423364639,0.43748828768730164,0.4395429193973541,0.11733721196651459,0.35943540930747986,0.3066536784172058,0.08759671449661255,0.27335554361343384,0.2825784683227539,0.005249275825917721,0.2009042501449585,0.30597174167633057,-0.06443043053150177,0.4812852144241333,0.3966079354286194,0.0696927011013031,0.40211498737335205,0.2292579561471939,0.038481324911117554,0.303927481174469,0.21305175125598907,-0.053649917244911194,0.2266324758529663,0.2627229392528534,-0.1336396038532257,0.5343610048294067,0.38428932428359985,0.014347951859235764,0.47012314200401306,0.20498724281787872,-0.014213654212653637,0.36781471967697144,0.19074147939682007,-0.08658011257648468,0.28278112411499023,0.23740755021572113,-0.1358509659767151,0.6009258031845093,0.3892661929130554,-0.042358241975307465,0.5439459085464478,0.25198298692703247,-0.08334509283304214,0.4541678726673126,0.22980897128582,-0.12643983960151672,0.36660313606262207,0.2624530792236328,-0.15382221341133118
