WRIST_x_0,WRIST_y_0,WRIST_z_0,THUMB_CMC_x_0,THUMB_CMC_y_0,THUMB_CMC_z_0,THUMB_MCP_x_0,THUMB_MCP_y_0,THUMB_MCP_z_0,THUMB_IP_x_0,THUMB_IP_y_0,THUMB_IP_z_0,THUMB_TIP_x_0,THUMB_TIP_y_0,THUMB_TIP_z_0,INDEX_FINGER_MCP_x_0,INDEX_FINGER_MCP_y_0,INDEX_FINGER_MCP_z_0,INDEX_FINGER_PIP_x_0,INDEX_FINGER_PIP_y_0,INDEX_FINGER_PIP_z_0,INDEX_FINGER_DIP_x_0,INDEX_FINGER_DIP_y_0,INDEX_FINGER_DIP_z_0,INDEX_FINGER_TIP_x_0,INDEX_FINGER_TIP_y_0,INDEX_FINGER_TIP_z_0,MIDDLE_FINGER_MCP_x_0,MIDDLE_FINGER_MCP_y_0,MIDDLE_FINGER_MCP_z_0,MIDDLE_FINGER_PIP_x_0,MIDDLE_FINGER_PIP_y_0,MIDDLE_FINGER_PIP_z_0,MIDDLE_FINGER_DIP_x_0,MIDDLE_FINGER_DIP_y_0,MIDDLE_FINGER_DIP_z_0,MIDDLE_FINGER_TIP_x_0,MIDDLE_FINGER_TIP_y_0,MIDDLE_FINGER_TIP_z_0,RING_FINGER_MCP_x_0,RING_FINGER_MCP_y_0,RING_FINGER_MCP_z_0,RING_FINGER_PIP_x_0,RING_FINGER_PIP_y_0,RING_FINGER_PIP_z_0,RING_FINGER_DIP_x_0,RING_FINGER_DIP_y_0,RING_FINGER_DIP_z_0,RING_FINGER_TIP_x_0,RING_FINGER_TIP_y_0,RING_FINGER_TIP_z_0,PINKY_MCP_x_0,PINKY_MCP_y_0,PINKY_MCP_z_0,PINKY_PIP_x_0,PINKY_PIP_y_0,PINKY_PIP_z_0,PINKY_DIP_x_0,PINKY_DIP_y_0,PINKY_DIP_z_0,PINKY_TIP_x_0,PINKY_TIP_y_0,PINKY_TIP_z_0
0.5571147203445435,0.7456225752830505,-0.00010264510638080537,0.5155299305915833,0.7126352787017822,-0.04238554835319519,0.4973120093345642,0.6233516931533813,-0.06913325935602188,0.5234509110450745,0.5492756366729736,-0.09532302618026733,0.5511078238487244,0.5093076825141907,-0.11413867771625519,0.5095170140266418,0.5019500255584717,-0.012326223775744438,0.49032479524612427,0.40261149406433105,-0.03555506095290184,0.4805724620819092,0.3399696946144104,-0.04552609100937843,0.4746089577674866,0.28663671016693115,-0.05000399053096771,0.5463429689407349,0.49397996068000793,-0.015552517026662827,0.552474319934845,0.3842220604419708,-0.032537028193473816,0.5581621527671814,0.31426477432250977,-0.041281089186668396,0.5647048950195312,0.25954514741897583,-0.044719696044921875,0.5770076513290405,0.5214246511459351,-0.0257075447589159,0.5834117531776428,0.4529668092727661,-0.08144957572221756,0.568025529384613,0.51255202293396,-0.10341496020555496,0.5592753291130066,0.5635902881622314,-0.10022706538438797,0.6060037612915039,0.5626831650733948,-0.03795357793569565,0.6069827079772949,0.5120222568511963,-0.08537435531616211,0.5903583765029907,0.5534689426422119,-0.10315631330013275,0.5781450271606445,0.5945817232131958,-0.10252868384122849
